Door,Account,State,2021 Global Acct Tier,Store Rep,National Account Owner,,,,
(INACTIVE) Bellflower (Caliva),The Parent Co.,CA,5,TBH ,NA,,,CA,
105TH MANAGEMENT,105TH MANAGEMENT,CA,1,Ryan,NA,,,IL,Latifah
1841 El Camino (Horizon),1841 El Camino (Horizon),CA,1,Not Mapped,NA,,,NV,Gia
"2074 Armory, INC","2074 Armory, INC",CA,1,Not Mapped,NA,,,RI,Not Mapped
"209 Trading Company, INC",SoCal Green Meds,CA,1,Ryan,NA,,,MA,Joe
2ONE2 California,Cali Distro,CA,1,Ryan,NA,,,,
365 Recreational Cannabis,365 Recreational Cannabis,CA,1,Ryan,NA,,,,
420 Central,420 Central,CA,1,Not Mapped,NA,,,National Account Owners,
420 Kingdom,420 Kingdom,CA,1,Not Mapped,NA,,,Eaze,Elyse Eilerman
420 Strains,420 Strains,CA,1,Ryan,NA,,,MedMen,Jen DeBruno
515 Broadway,515 Broadway,CA,1,Not Mapped,NA,,,CuraLeaf,Gia Kubik
7 Stars Holistic Healing Center,7 Stars Holistic Healing Center,CA,1,Ryan,NA,,,Ascend,Elyse Eilerman
710 SF INC.,710 SF INC.,CA,1,Not Mapped,NA,,,GTI,Gia Kubik
805 Beach Breaks (Harvest),Harvest,CA,3,Ryan,NA,,,,
A Green Alternative Cooperative,A Green Alternative Cooperative,CA,1,Not Mapped,NA,,,,
A Therapeutic Alternative,A Therapeutic Alternative,CA,1,Ryan,NA,,,,
ABIDE NAPA,ABIDE NAPA,CA,1,Ryan,NA,,,,
AHHS Weho,AHHS Weho,CA,1,Ryan,NA,,,,
Airfield Supply Co.,Airfield Supply Co.,CA,4,TBH ,NA,,,,
All About Wellness,All About Wellness,CA,1,Not Mapped,NA,,,,
"Aloha Aina, Inc",Cali Distro,CA,1,Ryan,NA,,,,
Alpha Core Inc.-Distro,Alpha Core Inc.-Distro,CA,1,Ryan,NA,,,,
Alpine Alternative,Vibe by CA,CA,1,Not Mapped,NA,,,,
"ALTERNATIVES, A HEALTH COLLECTIVE","ALTERNATIVES, A HEALTH COLLECTIVE",CA,1,Not Mapped,NA,,,,
AMC,Kolas,CA,1,Ryan,NA,,,,
Amenta Systems,Amenta Systems,CA,1,Not Mapped,NA,,,,
Amuse - Culver City,Amuse,CA,4,Elyse,NA,,,,
Amuse - Lynwood,Amuse,CA,4,Elyse,NA,,,,
Amuse - NCC Brisbane,Amuse,CA,4,Elyse,NA,,,,
Amuse - San Jose,Amuse,CA,4,Elyse,NA,,,,
Apothecary,Apothecary,CA,1,Ryan,NA,,,,
Apothekare,Americannmade,CA,1,Ryan,NA,,,,
Ascent Mammoth,Ascent Mammoth,CA,1,Ryan,NA,,,,
ASHE Society,ASHE Society,CA,2,Ryan,NA,,,,
Atomic Budz,Atomic Budz,CA,1,Not Mapped,NA,,,,
Atrium,Atrium,CA,5,Karlie,NA,,,,
Atrium Valley Village,Atrium,CA,5,Karlie,NA,,,,
Barbary Coast,Barbary Group,CA,3,Ryan,NA,,,,
Barbary Coast - Sunset,Barbary Group,CA,3,Ryan,NA,,,,
Bare Dispensary,Bare Dispensary,CA,1,Not Mapped,NA,,,,
BASA- Bay Area Safe Alternatives,BASA- Bay Area Safe Alternatives,CA,1,Not Mapped,NA,,,,
Bay Care Delivery,Bay Care Delivery,CA,1,Ryan,NA,,,,
Bay Leaves,Bay Leaves,CA,1,Ryan,NA,,,,
BayQueen,BayQueen,CA,1,Not Mapped,NA,,,,
Bento Delivery,Bento Delivery,CA,3,Ryan,NA,,,,
Berkeley Patients Group (BPG),Berkeley Patients Group (BPG),CA,1,Ryan,NA,,,,
Beyond Hello - Palm Springs,Beyond/Hello,CA,4,Not Mapped,NA,,,,
Beyond Hello - Santa Barbara,Beyond/Hello,CA,4,Not Mapped,NA,,,,
Big Moon Sky,Big Moon Sky,CA,1,Not Mapped,NA,,,,
Big Sur Cannabotanicals,Big Sur Cannabotanicals,CA,3,Ryan,NA,,,,
Bloom Room,Bloom Room,CA,1,Not Mapped,NA,,,,
Blue Zen Ventures Management,Blue Zen Ventures Management,CA,1,Not Mapped,NA,,,,
Blum - Oakland,BLUM,CA,1,Not Mapped,NA,,,,
Blum - San Leandro,BLUM,CA,1,Not Mapped,NA,,,,
Blum - The Spot - Halladay,BLUM,CA,1,Not Mapped,NA,,,,
Blunts and Moore,Blunts and Moore,CA,1,Not Mapped,NA,,,,
BoRu Co,BoRu Co,CA,1,Ryan,NA,,,,
Boutiq (Primetime Cap),Boutiq (Primetime Cap),CA,1,Ryan,NA,,,,
Buds and Roses,Buds and Roses,CA,1,Not Mapped,NA,,,,
BudsBox,BudsBox,CA,1,Not Mapped,NA,,,,
Butter,Butter,CA,1,Ryan,NA,,,,
Calac Wellness,Calac Wellness,CA,1,Not Mapped,NA,,,,
Calaveras Little Trees,Calaveras Little Trees,CA,1,Ryan,NA,,,,
Cali Distribution Inc,Cali Distro,CA,1,Ryan,NA,,,,
Calibueno,Calibueno,CA,1,Not Mapped,NA,,,,
California Alternative Caregivers,California Alternative Caregivers,CA,1,Not Mapped,NA,,,,
California City Supply,California City Supply,CA,1,Ryan,NA,,,,
California Collective Care,California Collective Care,CA,1,Ryan,NA,,,,
California Street Cannabis Co,California Street Cannabis Co,CA,2,Not Mapped,NA,,,,
Caliva - Distro,The Parent Co.,CA,5,TBH ,NA,,,,
"Caliva CAMISJ2, Inc",The Parent Co.,CA,5,TBH ,NA,,,,
CALMA WEHO,CALMA WEHO,CA,2,Not Mapped,NA,,,,
Calwave Enterprises Inc,Calwave Enterprises Inc,CA,4,Ryan,NA,,,,
Cannablue,Cannablue,CA,2,Ryan,NA,,,,
Cannaco Research Corp,Cannaco Research Corp,CA,1,Ryan,NA,,,,
Cannadel Inc.,Cannadel Inc.,CA,1,Not Mapped,NA,,,,
Cannasseurs Club - NoHo,Cannasseurs Club - NoHo,CA,1,Not Mapped,NA,,,,
CANNATRUST GROUP LLC,CANNATRUST GROUP LLC,CA,1,Not Mapped,NA,,,,
Canopy Club,Canopy Club,CA,1,Ryan,NA,,,,
Captain Jacks,Captain Jacks,CA,3,Karlie,NA,,,,
Captain Puff,Captain Puff,CA,1,Not Mapped,NA,,,,
Casa Cannabis,Casa Cannabis,CA,1,Not Mapped,NA,,,,
Case Farms,Case Farms,CA,1,Not Mapped,NA,,,,
Catalyst - Distribution,Catalyst,CA,4,Karlie,NA,,,,
Catalyst Bellflower,Catalyst,CA,4,Karlie,NA,,,,
Catalyst Belmont Shore,Catalyst,CA,4,Karlie,NA,,,,
Catalyst Cherry,Catalyst,CA,4,Karlie,NA,,,,
Catalyst Eastside,Catalyst,CA,4,Karlie,NA,,,,
Catalyst El Monte,Catalyst,CA,4,Karlie,NA,,,,
Catalyst Pine,Catalyst,CA,4,Karlie,NA,,,,
Catalyst Santa Ana,Catalyst,CA,4,Karlie,NA,,,,
CBCB - Cannabis Buyers Club of Berkeley,CBCB - Cannabis Buyers Club of Berkeley,CA,1,Not Mapped,NA,,,,
CC101,Kolas,CA,1,Ryan,NA,,,,
CCA California Caregivers Alliance,CCA California Caregivers Alliance,CA,2,Ryan,NA,,,,
CCC City Compassionate Caregivers,CCC City Compassionate Caregivers,CA,1,Not Mapped,NA,,,,
CDXX LLC,CDXX LLC,CA,1,Ryan,NA,,,,
Circle of Hope-Northridge,Circle of Hope-Northridge,CA,1,Not Mapped,NA,,,,
Cloud 9,Kolas,CA,1,Ryan,NA,,,,
"Cloverdale Wellness, LLC","Cloverdale Wellness, LLC",CA,1,Ryan,NA,,,,
Coast to Coast,Coast to Coast,CA,2,Ryan,NA,,,,
Coastal - Santa Barbara,Coastal,CA,4,TBH ,NA,,,,
Coastal - Vallejo,Coastal,CA,4,TBH ,NA,,,,
Coastal - West LA,Coastal,CA,4,TBH ,NA,,,,
Coastal Delivery - Santa Barbara,Coastal,CA,4,TBH ,NA,,,,
Coastal Wellness,Coastal Wellness,CA,2,Ryan,NA,,,,
COCO FARMS LLC,COCO Farms,CA,2,Ryan,NA,,,,
Collective Effort,Collective Effort,CA,1,Not Mapped,NA,,,,
Community Gardens - EAP,Community Gardens - EAP,CA,1,Ryan,NA,,,,
Community Gardens - OAKLAND,Community Gardens - OAKLAND,CA,1,Not Mapped,NA,,,,
Connected - Sacramento,Connected,CA,1,Ryan,NA,,,,
Connected - SF,Connected,CA,1,Ryan,NA,,,,
Connected - Stockton,Connected,CA,1,Ryan,NA,,,,
Connected Transportation Partners Inc,Connected Transportation Partners Inc,CA,1,TBH ,NA,,,,
Cookies 805,Cookies,CA,4,Not Mapped,NA,,,,
Cookies Antioch,Cookies,CA,4,Not Mapped,NA,,,,
Cookies Berners on Haight,Cookies,CA,4,Not Mapped,NA,,,,
Cookies Coalinga,Cookies,CA,4,Not Mapped,NA,,,,
Cookies Hayward,Cookies,CA,4,Not Mapped,NA,,,,
Cookies La Mesa,Cookies,CA,4,Not Mapped,NA,,,,
Cookies Maywood,Cookies,CA,4,Not Mapped,NA,,,,
Cookies Melrose,Cookies,CA,4,Not Mapped,NA,,,,
Cookies Merced,Cookies,CA,4,Not Mapped,NA,,,,
Cookies Modesto,Cookies,CA,4,Not Mapped,NA,,,,
Cookies Oakland,Cookies,CA,4,Not Mapped,NA,,,,
Cookies San Bernardino,Cookies,CA,4,Not Mapped,NA,,,,
Cookies Santa Ana Ventures,Cookies,CA,4,Not Mapped,NA,,,,
Cookies Woodland Hills,Cookies,CA,4,Not Mapped,NA,,,,
Cornerstone Research Collective,Cornerstone Research Collective,CA,3,Ryan,NA,,,,
CRAFT,CRAFT,CA,1,Not Mapped,NA,,,,
Culture - Banning,Culture,CA,2,Ryan,NA,,,,
Culture - Beverly Hills (BARC),Culture,CA,2,Ryan,NA,,,,
Culture - Harvest Corner,Culture,CA,2,Ryan,NA,,,,
Culture - Long Beach,Culture,CA,2,Ryan,NA,,,,
Culture - Mira Loma,Culture,CA,2,Ryan,NA,,,,
Curbstone Exchange,Curbstone Exchange,CA,1,Ryan,NA,,,,
D & M COMPASSION CENTER,D & M COMPASSION CENTER,CA,1,Ryan,NA,,,,
Dank Depot,Dank Depot,CA,1,Not Mapped,NA,,,,
Date Palm (The Vault),Date Palm (The Vault),CA,1,Ryan,NA,,,,
Davis Cannabis Collective (DCC),Davis Cannabis Collective (DCC),CA,1,Ryan,NA,,,,
"dba Mankind WILD WEST INDUSTRIES, INC.","dba Mankind WILD WEST INDUSTRIES, INC.",CA,3,Karlie,NA,,,,
DC Collective,DC Collective,CA,1,Ryan,NA,,,,
Delta Boyz,Delta Boyz,CA,1,Ryan,NA,,,,
Delta Dispensary,Delta Dispensary,CA,1,Ryan,NA,,,,
"Depot - Budget King, LLC",Eaze,CA,8,Elyse,NA,,,,
"Depot - BW Macaw Group, Inc",Eaze,CA,8,Elyse,NA,,,,
"Depot - Clearlake Growth Fund II, Inc",Eaze,CA,8,Elyse,NA,,,,
Depot - Element 7 - South San Francisco,Eaze,CA,8,Elyse,NA,,,,
Depot - Fume Cotati,Eaze,CA,8,Elyse,NA,,,,
Depot - Holistic Healing Alternative,Eaze,CA,8,Elyse,NA,,,,
Depot - Hometown Heart - East Bay,Eaze,CA,8,Elyse,NA,,,,
Depot - Hometown Heart - SF,Eaze,CA,8,Elyse,NA,,,,
Depot - Ohana Gardens,Eaze,CA,8,Elyse,NA,,,,
Depot - The Green Goddess Inc.,Eaze,CA,8,Elyse,NA,,,,
Depot - The Natural Way of LA - Telos,Eaze,CA,8,Elyse,NA,,,,
Depot - Tropicanna / WCW,Eaze,CA,8,Elyse,NA,,,,
"Depot - ULBP, Inc (Primo Distrobution)",Eaze,CA,8,Elyse,NA,,,,
"Depot - Westside Caregivers Club, Inc.",Eaze,CA,8,Elyse,NA,,,,
Depot - Wilson St.,Eaze,CA,8,Elyse,NA,,,,
Depot -BEACH ENLIGHTENMENT & COMPASSIONATE HEALING,Eaze,CA,8,Elyse,NA,,,,
Desert Organic Solutions,Desert Organic Solutions,CA,1,Not Mapped,NA,,,,
Divine Wellness Center,Divine Wellness Center,CA,1,Not Mapped,NA,,,,
Doctor's Orders,Kolas,CA,1,Ryan,NA,,,,
Doobie Nights,Doobie Nights,CA,2,Ryan,NA,,,,
Down Under Industries Inc,Down Under Industries Inc,CA,1,Not Mapped,NA,,,,
Dr Green RX,Dr Green RX,CA,1,Not Mapped,NA,,,,
Dr Greenthumb Cat City,Dr Greenthumb Cat City,CA,1,Ryan,NA,,,,
Dr. Greenthumb - Sacramento,DGT,CA,1,Not Mapped,NA,,,,
Dr. Greenthumb DTLA,Dr. Greenthumb DTLA,CA,1,Ryan,NA,,,,
Dr. Greenthumb's Sylmar,DGT,CA,1,Not Mapped,NA,,,,
"DTPG Collective, Inc.","DTPG Collective, Inc.",CA,1,Not Mapped,NA,,,,
Dutchman's Flat,Dutchman's Flat,CA,1,Ryan,NA,,,,
Eagle Eye LLC,Eagle Eye LLC,CA,1,Not Mapped,NA,,,,
East Bay Therapeutics,N. Azimi,CA,3,Ryan,NA,,,,
EAST OF EDEN CANNABIS COMPANY,EOE Group,CA,1,Not Mapped,NA,,,,
Eco Cannabis - Distro,Eco Cannabis - Distro,CA,1,Ryan,NA,,,,
Elemental Wellness Center,Elemental Wellness Center,CA,4,Ryan,NA,,,,
Elevate - Los Angeles,Elevate - SoCal,CA,1,Ryan,NA,,,,
Elevate - Shasta Wellness,Elevate - Shasta Wellness,CA,1,Ryan,NA,,,,
Elevate - Woodland Hills,Elevate - SoCal,CA,1,Ryan,NA,,,,
Elevated - San Francisco,Elevated - San Francisco,CA,1,Not Mapped,NA,,,,
Embarc Alameda,Embarc,CA,3,Jen ,NA,,,,
Embarc Martinez LLC,Embarc,CA,3,Jen ,NA,,,,
Embarc Tahoe LLC,Embarc,CA,3,Jen ,NA,,,,
Emerald Triangle Cannabis,Emerald Triangle Cannabis,CA,1,Ryan,NA,,,,
Emjay - La Mesa,Emjay,CA,5,Karlie,NA,,,,
Emjay - Lynwood,Emjay,CA,5,Karlie,NA,,,,
Emjay - Oakland,Emjay,CA,5,Karlie,NA,,,,
Emjay - SF,Emjay,CA,5,Karlie,NA,,,,
Empire Gardens - Perris,Empire Gardens - Perris,CA,1,Not Mapped,NA,,,,
Erba,Erba,CA,2,Jen ,NA,,,,
Erba Markets Venice (formerly Green Dot),Erba Markets Venice (formerly Green Dot),CA,1,Not Mapped,NA,,,,
Essence,GTI,CA,8,Ryan,Gia Kubik,,,,
Euflora,Kushagram,CA,1,Ryan,NA,,,,
"Euphoric Caregivers, Prop- 215","Euphoric Caregivers, Prop- 215",CA,1,Ryan,NA,,,,
Euphorium Oakland,Euphorium Oakland,CA,1,Ryan,NA,,,,
Eureka Sky,Eureka Sky,CA,2,Ryan,NA,,,,
Evergreen,Evergreen,CA,1,Ryan,NA,,,,
Evergreen Evolution LLC,Evergreen Evolution LLC,CA,1,Ryan,NA,,,,
Evolv Cannabis,Evolv Cannabis,CA,1,Not Mapped,NA,,,,
EVR Managers LLC,Vibe by CA,CA,1,Not Mapped,NA,,,,
Exhale Med Center,Exhale Med Center,CA,1,Ryan,NA,,,,
Exhalence,Exhalence,CA,1,Ryan,NA,,,,
F Street Dispensary,F Street Dispensary,CA,1,Not Mapped,NA,,,,
Farmacy Berkeley,Glass House Group,CA,4,Jen ,NA,,,,
Farmacy Santa Ana,Glass House Group,CA,4,Jen ,NA,,,,
Farmacy SB,Glass House Group,CA,4,Jen ,NA,,,,
Farmhouse Artisan Market,Farmhouse Artisan Market,CA,1,Ryan,NA,,,,
Field of Dreams,Field of Dreams,CA,1,Not Mapped,NA,,,,
Fig and Thistle Apothecary,Fig and Thistle Apothecary,CA,3,Not Mapped,NA,,,,
Fiori,Fiori,CA,1,Not Mapped,NA,,,,
Firefly Marin,Firefly Marin,CA,1,Ryan,NA,,,,
Firehaus,Firehaus,CA,1,Ryan,NA,,,,
Firehouse 64,Firehouse 64,CA,1,Not Mapped,NA,,,,
Fireplace Management Incorporated,Fireplace Management Incorporated,CA,1,Ryan,NA,,,,
Flight on Cherry,Flight on Cherry,CA,1,Not Mapped,NA,,,,
"Flor X, Inc. - Distro","Flor X, Inc. - Distro",CA,3,Ryan,NA,,,,
Flora Terra,Flora Terra,CA,3,Ryan,NA,,,,
Flora Verde,Flora Verde,CA,1,Not Mapped,NA,,,,
Flower Market Delivery,Flower Market Delivery,CA,1,Ryan,NA,,,,
Flower Power SF,Flower Power SF,CA,1,Not Mapped,NA,,,,
Flowsent,Flowsent,CA,1,Ryan,NA,,,,
Foggy Daze Delivery Service,Foggy Daze Delivery Service,CA,1,Ryan,NA,,,,
Foothill Wellness Center,Foothill Wellness Center,CA,1,Ryan,NA,,,,
Fountain Of Wellbeing A Cooperative Corporation (K,Fountain Of Wellbeing A Cooperative Corporation (K,CA,1,Ryan,NA,,,,
From The Earth - Port Hueneme,From the Earth,CA,1,Ryan,NA,,,,
"From The Earth / DBO Investments LB, LLC",From the Earth,CA,1,Ryan,NA,,,,
From The Earth CBD,From the Earth,CA,1,Ryan,NA,,,,
Ganja Goddess Delivery - Oakland,Ganja Goddess,CA,4,Ryan,NA,,,,
Ganjarunner - Oakland,Ganjarunner,CA,1,Not Mapped,NA,,,,
Ganjarunner-Sacramento,Ganjarunner,CA,1,Not Mapped,NA,,,,
Ganjery,Ganjery,CA,1,Ryan,NA,,,,
Garden of Eden,Garden of Eden,CA,2,Ryan,NA,,,,
"Garden State Nectar, Inc.","Garden State Nectar, Inc.",CA,1,Ryan,NA,,,,
"GE GRANADA HILLS, INC",Green Earth,CA,2,Ryan,NA,,,,
Genius Boutique,Genius Boutique,CA,1,Not Mapped,NA,,,,
Gilbert Express and Cannabis Express,Gilbert Express and Cannabis Express,CA,1,Ryan,NA,,,,
Global Greenz,Global Greenz,CA,1,Not Mapped,NA,,,,
Go Erba,Go Erba,CA,1,Ryan,NA,,,,
Goddess Delivers,Ganja Goddess,CA,4,Ryan,NA,,,,
Golden Gate Cannabis,Golden Gate Cannabis,CA,1,Not Mapped,NA,,,,
Golden State Greens,Golden State Greens,CA,1,Not Mapped,NA,,,,
Goldn Bloom,Goldn Bloom,CA,2,Ryan,NA,,,,
Good Lyfe,Good Lyfe,CA,1,Not Mapped,NA,,,,
Gorilla Rx (Good Times Crenshaw),OTC,CA,1,Ryan,NA,,,,
Grass Roots,Grass Roots,CA,1,Not Mapped,NA,,,,
GrassDoor,GrassDoor,CA,1,Not Mapped,NA,,,,
GrassDoor - Distro,GrassDoor,CA,1,Not Mapped,NA,,,,
Green Angel_2,Green Angel_2,CA,1,Ryan,NA,,,,
Green Bean,Green Bean,CA,1,Ryan,NA,,,,
Green Brier,Green Brier,CA,1,Not Mapped,NA,,,,
Green Chamber,Green Chamber,CA,1,Ryan,NA,,,,
Green Cross of Torrance,Green Cross of Torrance,CA,1,Ryan,NA,,,,
Green Cross Pharma,Green Cross Pharma,CA,1,Not Mapped,NA,,,,
Green Dragon - Coachella Valley,Green Dragon - Coachella Valley,CA,1,Not Mapped,NA,,,,
Green Earth Collective,Green Earth,CA,2,Ryan,NA,,,,
Green Kong,Green Kong,CA,1,Ryan,NA,,,,
Green Pearl,Green Pearl,CA,1,Not Mapped,NA,,,,
Green Remedy,Green Remedy,CA,1,Ryan,NA,,,,
Greenhouse Herbal Center,Greenhouse Herbal Center,CA,1,Ryan,NA,,,,
Greenlight Discount Pharmacy,Greenlight Discount Pharmacy,CA,1,Not Mapped,NA,,,,
Greenrush,Greenrush,CA,1,Not Mapped,NA,,,,
Greenwolf,Greenwolf,CA,1,Ryan,NA,,,,
Greenwolf Bellflower,Greenwolf Bellflower,CA,1,Ryan,NA,,,,
Hall of Flowers 2019 (Community Gardens Inc.),Hall of Flowers 2019 (Community Gardens Inc.),CA,1,Not Mapped,NA,,,,
Happy Leaf,Happy Leaf,CA,1,Not Mapped,NA,,,,
Harbor Collective,Harbor Collective,CA,1,Ryan,NA,,,,
Harborside,Harborside,CA,5,Karlie,NA,,,,
Harborside DHS,Harborside,CA,5,Karlie,NA,,,,
Harborside San Jose,Harborside,CA,5,Karlie,NA,,,,
Harborside San Leandro (San Leandro Wellness),Harborside,CA,5,Karlie,NA,,,,
Harvest Bloom - Redwood City,Harvest Bloom - Redwood City,CA,1,Ryan,NA,,,,
"Harvest of Napa, INC- Napa - Medicinal",Harvest,CA,3,Ryan,NA,,,,
Harvest of Venice,Harvest,CA,3,Ryan,NA,,,,
Haven - Belmont,Haven,CA,1,Ryan,NA,,,,
Haven - Downtown Long Beach,Haven,CA,1,Ryan,NA,,,,
Haven - Los Alamitos,Haven,CA,1,Ryan,NA,,,,
Haven - Maywood,Haven,CA,1,Ryan,NA,,,,
Haven - Paramount,Haven,CA,1,Ryan,NA,,,,
Haven - San Bernardino,Haven,CA,1,Ryan,NA,,,,
Haze,Haze,CA,1,Ryan,NA,,,,
Hazy Bulldog Farms LLC,Hazy Bulldog Farms LLC,CA,1,Ryan,NA,,,,
HCMA,HCMA,CA,1,Not Mapped,NA,,,,
"Heart of the Emerald, LLC","Heart of the Emerald, LLC",CA,1,Ryan,NA,,,,
HEMPSVISION,HEMPSVISION,CA,1,Not Mapped,NA,,,,
Herb Delivery LA,Herb Delivery LA,CA,2,Not Mapped,NA,,,,
Herb N Joy - Goleta,Herb N Joy - Goleta,CA,1,Not Mapped,NA,,,,
"HERBAL COOPERATIVE, INC.","HERBAL COOPERATIVE, INC.",CA,1,Ryan,NA,,,,
Herbal Cruz,Herbal Cruz,CA,1,Not Mapped,NA,,,,
"Herbal Remedies Caregivers, Inc.","Herbal Remedies Caregivers, Inc.",CA,1,Not Mapped,NA,,,,
HerbalCure Corporation,Ganjarunner,CA,1,Not Mapped,NA,,,,
Herban Legend,Herban Legend,CA,1,Not Mapped,NA,,,,
Herbarium,Herbarium,CA,1,Not Mapped,NA,,,,
HHC,HHC,CA,1,Not Mapped,NA,,,,
Hi Fidelity- Micro,Hi Fidelity- Micro,CA,1,Ryan,NA,,,,
"High Hacks Holdings, Inc.","High Hacks Holdings, Inc.",CA,1,Not Mapped,NA,,,,
High Now delivery (Pure CA),High Now delivery (Pure CA),CA,1,Ryan,NA,,,,
High Tides,High Tides,CA,1,Ryan,NA,,,,
High Times Coalinga,High Times Delivery,CA,2,Ryan,NA,,,,
High Times Maywood - Gencan,High Times Delivery,CA,2,Ryan,NA,,,,
High Times Oakland - Broadway,High Times Delivery,CA,2,Ryan,NA,,,,
High Times Oakport,High Times Delivery,CA,2,Ryan,NA,,,,
High Times Redding- SYNERGY,High Times Delivery,CA,2,Ryan,NA,,,,
High Times Sac - Mountain High Recreation,High Times Delivery,CA,2,Ryan,NA,,,,
High Times Shasta- 530 CANNABIS,High Times Delivery,CA,2,Ryan,NA,,,,
HIGHER LEVEL OF CARE HOLLISTER INC.,Higher Level,CA,2,Ryan,NA,,,,
Higher Level Seaside,Higher Level,CA,2,Ryan,NA,,,,
Higher Vision,Higher Vision,CA,1,Not Mapped,NA,,,,
Hightend,Hightend,CA,1,Not Mapped,NA,,,,
Highway 29 Health Care-Vallejo,Highway 29 Health Care-Vallejo,CA,1,Not Mapped,NA,,,,
HiKei,HiKei,CA,2,Ryan,NA,,,,
"HLC GREENFIELD, INC",Higher Level,CA,2,Ryan,NA,,,,
"Holdings Of Harvest, CA LLC",Harvest,CA,3,Ryan,NA,,,,
Holistic Pain Relief (LACC),LA Cannabis Co.,CA,1,Ryan,NA,,,,
Hollywood High Grade,Hollywood High Grade,CA,2,Ryan,NA,,,,
"HOME GROWN HOLISTIC COLLECTIVE, INC.","HOME GROWN HOLISTIC COLLECTIVE, INC.",CA,1,Not Mapped,NA,,,,
House of Flowers,House of Flowers,CA,1,Ryan,NA,,,,
House of Organics,Kolas,CA,1,Ryan,NA,,,,
HPC - Port Hueneme,HPC - Port Hueneme,CA,1,Ryan,NA,,,,
HPRC - Humboldt,HPRC - Humboldt,CA,1,Ryan,NA,,,,
HSC Solutions,HSC Solutions,CA,1,Not Mapped,NA,,,,
Humanity of Santa Rosa Inc,Humanity of Santa Rosa Inc,CA,1,Not Mapped,NA,,,,
Humboldt Herb & Market,Humboldt Herb & Market,CA,1,Ryan,NA,,,,
HYBRID LA,HYBRID LA,CA,1,Not Mapped,NA,,,,
Iguana Collective,Iguana Collective,CA,1,Not Mapped,NA,,,,
ILLA Canna,Blaze Mota,CA,1,Ryan,NA,,,,
iLyfted - NoHo,iLyfted - NoHo,CA,1,Not Mapped,NA,,,,
iLyfted Studio City,iLyfted Studio City,CA,1,Not Mapped,NA,,,,
Jade Room - Shannon,Jade Room,CA,1,Ryan,NA,,,,
"Jaguar Logistics Group, LLC","Jaguar Logistics Group, LLC",CA,1,Not Mapped,NA,,,,
JAHnetics Delivery,JAHnetics Delivery,CA,1,Not Mapped,NA,,,,
"Jayden's Journey Cooperative, Inc.","Jayden's Journey Cooperative, Inc.",CA,1,Ryan,NA,,,,
Joy of Wellness of Palm Springs,Joy of Wellness of Palm Springs,CA,1,Not Mapped,NA,,,,
"Juva RWC, Inc.",Juva,CA,1,Ryan,NA,,,,
Juva Stockton,Juva,CA,1,Ryan,NA,,,,
Kannabis Works,Kannabis Works,CA,1,Ryan,NA,,,,
"Kase's Journey, Inc","Kase's Journey, Inc",CA,1,Ryan,NA,,,,
"KDM Holdings, LLC",Stiiizy,CA,3,Jen ,NA,,,,
"Kepos Enterprises, Inc.","Kepos Enterprises, Inc.",CA,1,Ryan,NA,,,,
Kind Delivery,Kind Delivery,CA,1,Ryan,NA,,,,
Kind Farma,Kind Farma,CA,1,Ryan,NA,,,,
King's Crew,King's Crew,CA,1,Ryan,NA,,,,
Kiskanu,Kiskanu,CA,1,Ryan,NA,,,,
Klover Up,Klover Up,CA,2,Ryan,NA,,,,
Kush Alley - Medicinal,Kush Alley - Medicinal,CA,1,Not Mapped,NA,,,,
Kushpharm,Kushpharm,CA,1,Ryan,NA,,,,
"KZD VENTURES, INC","KZD VENTURES, INC",CA,1,Ryan,NA,,,,
L.B. Collective,L.B. Collective,CA,1,Not Mapped,NA,,,,
La Brea Collective,La Brea Collective,CA,1,Not Mapped,NA,,,,
LA Wonderland,LA Wonderland,CA,1,Ryan,NA,,,,
LAX CC,LAX CC,CA,1,Not Mapped,NA,,,,
Lemonnade - Sac,Golden Group,CA,2,Ryan,NA,,,,
Lemonnade - South Sac (Florin),Golden Group,CA,2,Ryan,NA,,,,
Liberty,Holistic Health / Liberty,CA,3,TBH ,NA,,,,
Liberty Beach Center,Holistic Health / Liberty,CA,3,TBH ,NA,,,,
Liberty Cannabis,Holistic Health / Liberty,CA,3,TBH ,NA,,,,
Libra,Libra,CA,1,Ryan,NA,,,,
Life Enhancement Services,Life Enhancement Services,CA,1,Ryan,NA,,,,
Lighthouse Dispensary,Lighthouse Dispensary,CA,1,Ryan,NA,,,,
Lit La Mesa,Lit La Mesa,CA,1,Ryan,NA,,,,
"Lompoc Valley Organic's, LLC",Green Dragon Collective,CA,1,Ryan,NA,,,,
Long Beach Wellness Center,Long Beach Wellness Center,CA,1,Not Mapped,NA,,,,
Los Angeles Kush #1,Los Angeles Kush #1,CA,1,Not Mapped,NA,,,,
Los Angeles Patients and Caregivers Group,Los Angeles Patients and Caregivers Group,CA,1,Ryan,NA,,,,
Los Angeles Valley Caregivers -LAVC,Los Angeles Valley Caregivers -LAVC,CA,1,Ryan,NA,,,,
Love In It,Love In It,CA,1,Ryan,NA,,,,
Luvbrite Collective,Luvbrite Collective,CA,2,Ryan,NA,,,,
"LYTT, LLC","LYTT, LLC",CA,1,Not Mapped,NA,,,,
Magnolia Extracts,Ganjarunner,CA,1,Not Mapped,NA,,,,
Mainstage,Mainstage,CA,2,Ryan,NA,,,,
Making You Smile,Speedy Weedy,CA,1,Not Mapped,NA,,,,
Mammoth Holistics,Torrey Holistics,CA,4,Karlie,NA,,,,
March and Ash City Heights,March and Ash,CA,5,Karlie,NA,,,,
March and Ash IV,March and Ash,CA,5,Karlie,NA,,,,
March and Ash MV,March and Ash,CA,5,Karlie,NA,,,,
March and Ash Vista,March and Ash,CA,5,Karlie,NA,,,,
Marie's Deliverables,Marie's Deliverables,CA,1,Not Mapped,NA,,,,
Marina Caregivers,Marina Caregivers,CA,1,Not Mapped,NA,,,,
Markt Dispensary,Markt Dispensary,CA,1,Ryan,NA,,,,
MARY JANE'S COLLECTIVE CAREGIVERS,MARY JANE'S COLLECTIVE CAREGIVERS,CA,1,Not Mapped,NA,,,,
Marygold,Marygold,CA,1,Ryan,NA,,,,
McDoestle / Flower Co.,0,CA,3,Not Mapped,NA,,,,
MCEC - Medical cannabis education center,MCEC - Medical cannabis education center,CA,1,Not Mapped,NA,,,,
Mecca,Mecca,CA,1,Ryan,NA,,,,
Med Leaf,Med Leaf,CA,1,Ryan,NA,,,,
Medallion Wellness,Medallion Wellness,CA,1,Ryan,NA,,,,
Medcare Farms,Medcare Farms,CA,2,Karlie,NA,,,,
MediThrive,MediThrive,CA,2,Ryan,NA,,,,
MedMen Abbot Kinney,MedMen,CA,7,Jen ,NA,,,,
MedMen Beverly Hills,MedMen,CA,7,Jen ,NA,,,,
MedMen DTLA - Distro,MedMen,CA,7,Jen ,NA,,,,
MedMen DTLA Retail,MedMen,CA,7,Jen ,NA,,,,
MedMen OC,MedMen,CA,7,Jen ,NA,,,,
Medmen San Diego,MedMen,CA,7,Jen ,NA,,,,
Medmen San Jose,MedMen,CA,7,Jen ,NA,,,,
Medmen Seaside,MedMen,CA,7,Jen ,NA,,,,
Medmen Sorrento,MedMen,CA,7,Jen ,NA,,,,
Medmen Weho,MedMen,CA,7,Jen ,NA,,,,
Megan's Organic Market,Megan's Organic Market,CA,3,Ryan,NA,,,,
Melrose Herbal Collective (LACC La Brea),LA Cannabis Co.,CA,1,Ryan,NA,,,,
Mercy Wellness - Cotati,Mercy Wellness,CA,3,Ryan,NA,,,,
Mercy Wellness - Santa Rosa,Mercy Wellness,CA,3,Ryan,NA,,,,
Metro Cannabis Collective,Metro Cannabis Collective,CA,1,Ryan,NA,,,,
Mission Cannabis Club (Shambhala Healing Center),Mission Cannabis Club (Shambhala Healing Center),CA,2,Not Mapped,NA,,,,
MISSION ORGANIC CENTER,MISSION ORGANIC CENTER,CA,1,Not Mapped,NA,,,,
MMD - Hollywood,MMD,CA,3,Ryan,NA,,,,
MMD Marina del Rey,MMD,CA,3,Ryan,NA,,,,
MMD NoHo,MMD,CA,3,Ryan,NA,,,,
MMD of Long Beach,MMD,CA,3,Ryan,NA,,,,
Moe Greens,Barbary Group,CA,3,Ryan,NA,,,,
Moonflower Delivery,Moonflower Delivery,CA,1,Ryan,NA,,,,
MOTA,MOTA,CA,2,Ryan,NA,,,,
Mother Earth's Farmacy,Mother Earth's Farmacy,CA,1,Ryan,NA,,,,
Mother Nature's Remedy,Mother Nature's Remedy,CA,1,Ryan,NA,,,,
Mountain Remedy,Mountain Remedy,CA,2,Ryan,NA,,,,
Movocan,Movocan,CA,1,Ryan,NA,,,,
Mr Nice Guy - Lake Elsinore,Mr Nice Guy,CA,2,Ryan,NA,,,,
Mr Nice Guy - Santa Ana,Mr Nice Guy,CA,2,Ryan,NA,,,,
Napa Cannabis Collective,Napa Cannabis Collective,CA,1,Ryan,NA,,,,
Natural Cannabis Company Distribution,Natural Cannabis Company Distribution,CA,3,Ryan,NA,,,,
Natural Herbal Pain Relief,Natural Herbal Pain Relief,CA,1,Ryan,NA,,,,
"NC4 SYSTEMS, INC. (Caliva)",The Parent Co.,CA,5,TBH ,NA,,,,
New Age Care Center,New Age Care Center,CA,1,Ryan,NA,,,,
New Amsterdam Naturals,New Amsterdam Naturals,CA,1,Not Mapped,NA,,,,
New life CA,New life CA,CA,1,Ryan,NA,,,,
NHC - Grover Beach,NHC,CA,1,Not Mapped,NA,,,,
Nibble This,Stiiizy,CA,3,Jen ,NA,,,,
Nice Guys Delivery,Nice Guys Delivery,CA,4,TBH ,NA,,,,
No Wait Meds,No Wait Meds,CA,1,Ryan,NA,,,,
Northern Erudite Ventures,Northern Erudite Ventures,CA,1,Not Mapped,NA,,,,
NRC Holistic Health Services Clinic,NRC Holistic Health Services Clinic,CA,1,Ryan,NA,,,,
NUG - Oakland,NUG,CA,1,Ryan,NA,,,,
Nugg Club,Nugg Club,CA,5,Elyse,NA,,,,
NXTLVL INC.,NXTLVL INC.,CA,1,Ryan,NA,,,,
"OC Coast, Inc.","OC Coast, Inc.",CA,1,Ryan,NA,,,,
OC3,OC3,CA,1,Ryan,NA,,,,
Off the Charts - Palm Springs,OTC,CA,1,Ryan,NA,,,,
Off the Charts - Vista,OTC,CA,1,Ryan,NA,,,,
OG Arabian Nights LLC,OG Arabian Nights LLC,CA,1,Ryan,NA,,,,
OG Cannabis Cafe,OG Cannabis Cafe,CA,1,Not Mapped,NA,,,,
Ohana Gardens,Ohana Gardens,CA,1,Ryan,NA,,,,
Ojai Greens,Ojai Greens,CA,1,Ryan,NA,,,,
ONA.life,ONA.life,CA,4,TBH ,NA,,,,
One Plant - Anitoch,CHAi,CA,1,Not Mapped,NA,,,,
One Plant - Atwater,CHAi,CA,1,Not Mapped,NA,,,,
One Plant - CHAI Cannabis Co - Santa Cruz,CHAi,CA,1,Not Mapped,NA,,,,
One Plant - El Sobrante,CHAi,CA,1,Not Mapped,NA,,,,
One Plant - Salinas,CHAi,CA,1,Not Mapped,NA,,,,
Organic Green Treatment Center (LACC),LA Cannabis Co.,CA,1,Ryan,NA,,,,
Organic Greens Collective (OGC Goleta),Organic Greens Collective (OGC Goleta),CA,1,Ryan,NA,,,,
Originals,Originals,CA,1,Ryan,NA,,,,
OutCo El Cajon,OutCo,CA,1,Not Mapped,NA,,,,
PAC LA,PAC LA,CA,1,Not Mapped,NA,,,,
Pacific Paradise Retailer Corp,Pacific Paradise Retailer Corp,CA,1,Not Mapped,NA,,,,
Palm Royale Collective,Palm Royale Collective,CA,1,Ryan,NA,,,,
Papa Bear Farm,Papa Bear Farm,CA,1,Ryan,NA,,,,
Patient Care First - Distro,The Premier Group,CA,1,Ryan,NA,,,,
PCC,PCC,CA,1,Ryan,NA,,,,
"Peak Horizon, Inc.","Peak Horizon, Inc.",CA,1,Not Mapped,NA,,,,
Peoples OC,Peoples OC,CA,5,Not Mapped,NA,,,,
Perfect Union - Lompoc,Perfect Union,CA,1,Ryan,NA,,,,
Perfect Union - Northside,Perfect Union,CA,1,Ryan,NA,,,,
PH Tradecraft Farms,TradeCraft,CA,2,Karlie,NA,,,,
Phog Center LLC - Medicinal,Phog Center LLC - Medicinal,CA,1,Ryan,NA,,,,
Phytologie Wellness Center - Micro,Phytologie Wellness Center - Micro,CA,1,Not Mapped,NA,,,,
Planet 13 Orange County,Planet 13 Orange County,CA,3,Karlie,NA,,,,
Planet Budz,Planet Budz,CA,1,Not Mapped,NA,,,,
Plant Galaxy,Plant Galaxy,CA,1,Ryan,NA,,,,
Plantacea,Plantacea,CA,1,Not Mapped,NA,,,,
Plantshop (Wellmar LLC),Plantshop (Wellmar LLC),CA,1,Ryan,NA,,,,
Port City Alternative-Stockton - Medicinal,Vibe by CA,CA,1,Not Mapped,NA,,,,
Project Cannabis DTLA,Columbia Care,CA,2,Karlie,NA,,,,
Project Cannabis NoHo,Columbia Care,CA,2,Karlie,NA,,,,
Project Cannabis SF,Columbia Care,CA,2,Karlie,NA,,,,
Proper Wellness Inc (Rio Dell),Proper Wellness Inc (Rio Dell),CA,1,Not Mapped,NA,,,,
Proper Wellness Inc.,Proper Wellness Inc.,CA,1,Not Mapped,NA,,,,
Prussian Sticks LLC / Flower Co.,0,CA,3,Not Mapped,NA,,,,
PSA Organica,PSA Organica,CA,1,Not Mapped,NA,,,,
Pure Aloha,Pure Aloha,CA,1,Ryan,NA,,,,
PureLife,PureLife,CA,1,Not Mapped,NA,,,,
Purple Lotus Patient Center,Purple Lotus Patient Center,CA,2,Ryan,NA,,,,
Purple Punch,Purple Punch,CA,1,Ryan,NA,,,,
Purple Star MD,Purple Star MD,CA,1,Ryan,NA,,,,
Rebud - Elodie,Rebud,CA,2,Ryan,NA,,,,
Rebud - GLS,Rebud,CA,2,Ryan,NA,,,,
Rebud - Montebello,Rebud,CA,2,Ryan,NA,,,,
REEFER MADNESS,REEFER MADNESS,CA,1,Ryan,NA,,,,
Reefside,Reefside,CA,1,Ryan,NA,,,,
Reese Dreams LLC,Reese Dreams LLC,CA,1,Ryan,NA,,,,
Remedy,Remedy,CA,1,Not Mapped,NA,,,,
Responsible Patient Care (SPARC),SPARC,CA,4,Ryan,NA,,,,
RIO VISTA FARMS LLC,COCO Farms,CA,2,Ryan,NA,,,,
Riverside Wellness-Guerneville,Riverside Wellness-Guerneville,CA,1,Ryan,NA,,,,
Rockstar Cannabis Club Inc,Rockstar Cannabis Club Inc,CA,1,Not Mapped,NA,,,,
Rooted Cannabis Group - Oakland,Rooted Cannabis Group,CA,1,Ryan,NA,,,,
Rooted Cannabis Group - Van Nuys,Rooted Cannabis Group,CA,1,Ryan,NA,,,,
Roots,Roots,CA,1,Not Mapped,NA,,,,
Rose Collective,Rose Collective,CA,1,Not Mapped,NA,,,,
Royal Apothecary L.L.C.,Royal Apothecary L.L.C.,CA,1,Ryan,NA,,,,
Royal Highness,Royal Highness,CA,1,Ryan,NA,,,,
Sacramento Confidential Delivery,Sacramento Confidential Delivery,CA,1,Not Mapped,NA,,,,
Safeport,Safeport,CA,2,Ryan,NA,,,,
Santa Barbara Care Center,Santa Barbara Care Center,CA,1,Ryan,NA,,,,
Santa Barbara Collective,Santa Barbara Collective,CA,1,Not Mapped,NA,,,,
Santa Cruz Naturals Royal Oaks,Santa Cruz Naturals,CA,1,Ryan,NA,,,,
SAS - Cookies Sac,Golden Group,CA,2,Ryan,NA,,,,
Satori Wellness,Satori Wellness,CA,1,Ryan,NA,,,,
Sava,Sava,CA,6,Elyse,NA,,,,
SCSA - South coast Safe Access,SCSA - South coast Safe Access,CA,1,Ryan,NA,,,,
SDRC,SDRC,CA,1,Not Mapped,NA,,,,
SeaweedSF,SeaweedSF,CA,1,Ryan,NA,,,,
Semilla HRC,Semilla HRC,CA,1,Not Mapped,NA,,,,
Serra,Serra,CA,2,Ryan,NA,,,,
Sespe Creek Collective,Sespe Creek Collective,CA,1,Ryan,NA,,,,
Shango,Shango,CA,1,Not Mapped,NA,,,,
Shangri La Care Cooperative,Shangri La Care Cooperative,CA,1,Ryan,NA,,,,
Shatter,Shatter,CA,1,Not Mapped,NA,,,,
Sherbinskis,Emjay,CA,5,Karlie,NA,,,,
ShowGrow - Long Beach,ShowGrow,CA,1,Ryan,NA,,,,
Silverlake Caregivers Group,Silverlake Caregivers Group,CA,1,Not Mapped,NA,,,,
Sixty-Four and Hope,Sixty-Four and Hope,CA,1,Not Mapped,NA,,,,
SkyHigh,SkyHigh,CA,1,Not Mapped,NA,,,,
Smart Collective,Smart Collective,CA,1,Ryan,NA,,,,
Socal Green Meds,SoCal Green Meds,CA,1,Ryan,NA,,,,
Society Jane,Society Jane,CA,1,Ryan,NA,,,,
Solful,Solful,CA,4,Ryan,NA,,,,
"Sonoma Patient Group, Inc.","Sonoma Patient Group, Inc.",CA,1,Not Mapped,NA,,,,
Sovereign,Sovereign,CA,1,Ryan,NA,,,,
SPARC 14th (LOPARC),SPARC,CA,4,Ryan,NA,,,,
SPARC Mission,SPARC,CA,4,Ryan,NA,,,,
SPARC Sebastopol,SPARC,CA,4,Ryan,NA,,,,
SPARC- Haight Street,SPARC,CA,4,Ryan,NA,,,,
Stash Studio City,Stash Studio City,CA,1,Ryan,NA,,,,
STC Alternative Healing,STC Alternative Healing,CA,1,Ryan,NA,,,,
Strain Balboa Caregivers,Strain Balboa Caregivers,CA,1,Not Mapped,NA,,,,
Strains,The Premier Group,CA,1,Ryan,NA,,,,
Strains Dispensary,Strains Dispensary,CA,1,Ryan,NA,,,,
Sugar Budz,Sugar Budz,CA,1,Not Mapped,NA,,,,
Sun Valley Caregivers,Sun Valley Caregivers,CA,1,Not Mapped,NA,,,,
Sunset Herbal Corner,Sunset Herbal Corner,CA,1,Ryan,NA,,,,
Super Clinik,Kushagram,CA,1,Ryan,NA,,,,
Sweet Flower DTLA,Sweet Flower,CA,6,Karlie,NA,,,,
Sweet Flower Melrose,Sweet Flower,CA,6,Karlie,NA,,,,
Sweet Flower Studio City,Sweet Flower,CA,6,Karlie,NA,,,,
Sweet Flower Westwood,Sweet Flower,CA,6,Karlie,NA,,,,
Synchronicity Holistic,Synchronicity Holistic,CA,4,Ryan,NA,,,,
Tahoe Green,Tahoe Green,CA,2,Ryan,NA,,,,
TAHOE WELLNESS CENTER,TAHOE WELLNESS CENTER,CA,1,Ryan,NA,,,,
Taste,Taste,CA,1,Not Mapped,NA,,,,
THC,Kolas,CA,1,Ryan,NA,,,,
THC SD,THC SD,CA,1,Not Mapped,NA,,,,
The Apothecarium (Lombard) - Deep Thought,Apothecarium,CA,6,Elyse,NA,,,,
The Apothecarium - Berkeley,Apothecarium,CA,6,Elyse,NA,,,,
The Apothecarium - Capitola,Apothecarium,CA,6,Elyse,NA,,,,
The Apothecarium - Howard Street,Apothecarium,CA,6,Elyse,NA,,,,
The Apothecarium - Market/Castro,Apothecarium,CA,6,Elyse,NA,,,,
The Artist Tree,The Artist Tree,CA,3,Ryan,NA,,,,
The Artist Tree - Beverly,The Artist Tree,CA,3,Ryan,NA,,,,
The Artist Tree - Ktown,The Artist Tree,CA,3,Ryan,NA,,,,
The Artist Tree - Riverside,The Artist Tree,CA,3,Ryan,NA,,,,
The Bank,The Bank,CA,1,Ryan,NA,,,,
The Blvd,The Blvd,CA,1,Ryan,NA,,,,
The Cake House,The Cake House,CA,1,Ryan,NA,,,,
The Cake House - Malibu,The Cake House - Malibu,CA,1,Not Mapped,NA,,,,
The Cake House - Wildomar,The Cake House,CA,1,Ryan,NA,,,,
The Cannabist,The Cannabist,CA,3,Not Mapped,NA,,,,
The Circle,The Circle,CA,1,Karlie,NA,,,,
THE COOKIE COMPANY,THE COOKIE COMPANY,CA,1,Not Mapped,NA,,,,
The Corner LB,The Corner LB,CA,2,Karlie,NA,,,,
The Coughy Shop,The Coughy Shop,CA,1,Not Mapped,NA,,,,
The Country Club - Distro,The Country Club - Distro,CA,1,Ryan,NA,,,,
"The Country Club, LLC","The Country Club, LLC",CA,1,Ryan,NA,,,,
The Farmers Flower,The Farmers Flower,CA,1,Ryan,NA,,,,
The Green Cross,The Green Cross,CA,1,Ryan,NA,,,,
The Green Goddess Collective,The Green Goddess Collective,CA,1,Ryan,NA,,,,
The Green Peakz LLC,The Green Peakz LLC,CA,1,Not Mapped,NA,,,,
"The Grove La Mesa, Inc. - Medicinal","The Grove La Mesa, Inc. - Medicinal",CA,1,Not Mapped,NA,,,,
The Growcery,The Growcery,CA,2,Ryan,NA,,,,
The Guild - Micro,The Guild - Micro,CA,1,Not Mapped,NA,,,,
The Healing Center Needles,The Healing Center Needles,CA,1,Not Mapped,NA,,,,
The Healing Tree,The Healing Tree,CA,1,Ryan,NA,,,,
The Heart of Humboldt - Micro,The Heart of Humboldt - Micro,CA,1,Ryan,NA,,,,
"THE HERBIVORE, INC.","THE HERBIVORE, INC.",CA,1,Ryan,NA,,,,
The Higher Conscious,The Higher Conscious,CA,1,Not Mapped,NA,,,,
The Higher Path,The Higher Path,CA,2,Ryan,NA,,,,
The Honor Roll (Urban Buds),The Honor Roll (Urban Buds),CA,1,Ryan,NA,,,,
The Humboldt County Collective,The Humboldt County Collective,CA,1,Not Mapped,NA,,,,
The Joint,Speedy Weedy,CA,1,Not Mapped,NA,,,,
The Kind Center,The Kind Center,CA,1,Ryan,NA,,,,
The Leaf,The Leaf,CA,4,Karlie,NA,,,,
The Leonard Moore Cooperative,The Leonard Moore Cooperative,CA,1,Not Mapped,NA,,,,
The Lift,The Lift,CA,2,Ryan,NA,,,,
The Lighthouse Palm Springs,The Lighthouse Palm Springs,CA,3,Karlie,NA,,,,
The M.O.C.,The M.O.C.,CA,1,Not Mapped,NA,,,,
The Marketplace,Mr Nice Guy,CA,2,Ryan,NA,,,,
The Medicine Woman,The Medicine Woman,CA,1,Ryan,NA,,,,
The People's Remedy,The People's Remedy,CA,1,Not Mapped,NA,,,,
The Plant,The Plant,CA,1,Ryan,NA,,,,
The Pottery,Glass House Group,CA,4,Jen ,NA,,,,
The Prime Leaf,The Prime Leaf,CA,1,Not Mapped,NA,,,,
The Reef,The Reef,CA,3,Not Mapped,NA,,,,
The Reefinery - Micro,The Reefinery - Micro,CA,1,Not Mapped,NA,,,,
The Reserve SD,The Reserve SD,CA,2,Ryan,NA,,,,
The Sanctuary,The Sanctuary,CA,1,Ryan,NA,,,,
The Westwood Farmacy,The Westwood Farmacy,CA,1,Not Mapped,NA,,,,
Therapeutic Healthcare Collective,Therapeutic Healthcare Collective,CA,1,Not Mapped,NA,,,,
Token Farms,Token Farms,CA,1,Ryan,NA,,,,
Torrey Holistics,Torrey Holistics,CA,4,Karlie,NA,,,,
TradeCraft Disto,TradeCraft,CA,2,Karlie,NA,,,,
Traditional,Traditional,CA,1,Ryan,NA,,,,
Tree Factory - Port Hueneme,Tree Factory - Port Hueneme,CA,1,Ryan,NA,,,,
TreeHouse,TreeHouse,CA,3,Ryan,NA,,,,
Treeo,Treeo,CA,1,Ryan,NA,,,,
Triple C Collective,Triple C Collective,CA,1,Not Mapped,NA,,,,
Tropicanna,Tropicanna,CA,1,Ryan,NA,,,,
Two Rivers Wellness,Two Rivers Wellness,CA,1,Ryan,NA,,,,
ULBP - Bay Park,Urbn Leaf,CA,5,Karlie,NA,,,,
ULBP - Grover Beach,Urbn Leaf,CA,5,Karlie,NA,,,,
ULBP - La Mesa,Urbn Leaf,CA,5,Karlie,NA,,,,
ULBP - San Jose,Urbn Leaf,CA,5,Karlie,NA,,,,
ULBP - San Ysidro,Urbn Leaf,CA,5,Karlie,NA,,,,
ULBP - Seaside,Urbn Leaf,CA,5,Karlie,NA,,,,
ULBP - Vista,Urbn Leaf,CA,5,Karlie,NA,,,,
Underground Medicinals Inc,Underground Medicinals Inc,CA,1,Not Mapped,NA,,,,
Unified Patients Alliance,Unified Patients Alliance,CA,1,Not Mapped,NA,,,,
Universal Herbal Center,Universal Herbal Center,CA,1,Not Mapped,NA,,,,
Urbana Geary,Urbana,CA,4,TBH ,NA,,,,
Urbana Mission,Urbana,CA,4,TBH ,NA,,,,
Urbn Leaf - Distro,Urbn Leaf,CA,5,Karlie,NA,,,,
US Bloom,US Bloom,CA,1,Ryan,NA,,,,
Vapor Room,Vapor Room,CA,1,Not Mapped,NA,,,,
Varda (Coastal - Pasadena),Coastal,CA,4,TBH ,NA,,,,
Velvet,Velvet,CA,4,TBH ,NA,,,,
Ventura Oaks Ventures,Blaze Mota,CA,1,Ryan,NA,,,,
VERSAGENIX INC.,VERSAGENIX INC.,CA,1,Not Mapped,NA,,,,
VHHC - Vallejo Holistic Health Center,VHHC,CA,1,Not Mapped,NA,,,,
Vista TradeCraft,Vista TradeCraft,CA,3,Not Mapped,NA,,,,
Waves (delivery),Waves (delivery),CA,1,Ryan,NA,,,,
WellGreens,WellGreens,CA,1,Ryan,NA,,,,
"West Cliff Provisions, Inc.","West Cliff Provisions, Inc.",CA,3,Not Mapped,NA,,,,
West Clinik,Super Clinik,CA,1,Not Mapped,NA,,,,
West Coast Cannabis Club,West Coast Cannabis Club,CA,2,Ryan,NA,,,,
"West Valley Patients Center, Inc.","West Valley Patients Center, Inc.",CA,1,Ryan,NA,,,,
WheelHouse,WheelHouse,CA,1,Ryan,NA,,,,
White Fire,EOE Group,CA,1,Not Mapped,NA,,,,
"Wholesome Delivery, Inc","Wholesome Delivery, Inc",CA,1,Ryan,NA,,,,
WHTC,WHTC,CA,1,Not Mapped,NA,,,,
Wings of Wellness (IE &OC),Wings of Wellness (IE &OC),CA,1,Ryan,NA,,,,
Winter Greens,Winter Greens,CA,3,Ryan,NA,,,,
Wyllow (Voyage Distribution),"Voyage Distribution, Inc.",CA,1,Ryan,NA,,,,
Zen Healing Collective,Zen Healing Collective,CA,1,Ryan,NA,,,,
Zen Humboldt,Zen Humboldt,CA,1,Ryan,NA,,,,
Zenganic,Zenganic,CA,1,Not Mapped,NA,,,,
Canntinas Group,N. Azimi,CA,3,Ryan,NA,,,,
Herb N Joy - Hanford,Herb N Joy - Hanford,CA,1,Ryan,NA,,,,
Boca del Rio Agriculture LLC,Boca del Rio Agriculture LLC,CA,1,Ryan,NA,,,,
Josephine and Billie's,Josephine and Billie's,CA,1,Ryan,NA,,,,
Charlie Mike Inc.,Charlie Mike Inc.,CA,1,Ryan,NA,,,,
Doja Fields,Doja Fields,CA,1,Ryan,NA,,,,
Hierba,Puff LA,CA,1,Ryan,NA,,,,
Parkway Theater Inc,Green Remedy Collective,CA,1,Ryan,NA,,,,
GBH Retail,GBH Retail,CA,1,Ryan,NA,,,,
Joy Reserve,Joy Reserve,CA,1,Ryan,NA,,,,
"ELEVATION 2477, LLC","ELEVATION 2477, LLC",CA,1,Ryan,NA,,,,
Traditional Pico_2,Traditional Pico_2,CA,1,Ryan,NA,,,,
Catalyst Pomona,Catalyst,CA,4,Karlie,NA,,,,
Quality Buds LLC,Quality Buds LLC,CA,1,Ryan,NA,,,,
Wellgreens - Lemon Grove,Wellgreens,CA,1,Ryan,NA,,,,
Direct Natural Alternatives Inc.,Direct Natural Alternatives Inc.,CA,1,Not Mapped,NA,,,,
Greenskeepers,Greenskeepers,CA,1,Ryan,NA,,,,
Cal Street Cannabis - Clement,California Street Cannabis Co.,CA,1,Ryan,NA,,,,
Erb and Arbor,Erb and Arbor,CA,1,Ryan,NA,,,,
Jade Room - Torrance,Jade Room - Torrance,CA,1,Ryan,NA,,,,
Herban Delivery / Levitating Enterprises INC,Herban Delivery / Levitating Enterprises INC,CA,1,Ryan,NA,,,,
Surf City Original,Surf City Original,CA,1,Ryan,NA,,,,
TradeCraft - Los Angeles,TradeCraft,CA,2,Karlie,NA,,,,
The Flore Store,The Flore Store,CA,1,Ryan,NA,,,,
Authentic 909 LLC,Stiiizy,CA,3,Jen ,NA,,,,
"BCOK, Inc.",Stiiizy,CA,3,Jen ,NA,,,,
Colay Health Center,Stiiizy,CA,3,Jen ,NA,,,,
"CV Wellness, INC",Stiiizy,CA,3,Jen ,NA,,,,
"Ironworks Collective, Inc.",Stiiizy,CA,3,Jen ,NA,,,,
"KMBM, Inc.",Stiiizy,CA,3,Jen ,NA,,,,
Main St Supply,Stiiizy,CA,3,Jen ,NA,,,,
"Olive Drive Enterprises, Inc.",Stiiizy,CA,3,Jen ,NA,,,,
Positive Vibe,Stiiizy,CA,3,Jen ,NA,,,,
San Bernardino H ST,Stiiizy,CA,3,Jen ,NA,,,,
SGI BENICIA LLC,Stiiizy,CA,3,Jen ,NA,,,,
"SGI Jurupa, LLC.",Stiiizy,CA,3,Jen ,NA,,,,
SGI MARINA LLC,Stiiizy,CA,3,Jen ,NA,,,,
SGI PACHECO LLC,Stiiizy,CA,3,Jen ,NA,,,,
SGI RETAIL LLC,Stiiizy,CA,3,Jen ,NA,,,,
SGI SUISUN LLC,Stiiizy,CA,3,Jen ,NA,,,,
"Strategic Green Partners, LLC",Stiiizy,CA,3,Jen ,NA,,,,
TERP INC,Stiiizy,CA,3,Jen ,NA,,,,
"United 415, Inc.",Stiiizy,CA,3,Jen ,NA,,,,
"Social Equity Enterprises, LLC","Social Equity Enterprises, LLC",CA,1,Ryan,NA,,,,
Green Line Delivery,Green Line Delivery,CA,1,Ryan,NA,,,,
Catalyst Marina,Catalyst,CA,4,Karlie,NA,,,,
"Depot - Uprooted, Inc.",Eaze,CA,8,Elyse,NA,,,,
Sixty Four and Hope (Melrose),Sixty Four and Hope,CA,1,Ryan,NA,,,,
SEPTEM COMA INC. : South Sacramento Care Center,SEPTEM COMA INC. : South Sacramento Care Center,CA,1,Ryan,NA,,,,
Telos Depot - NWLA,Eaze,CA,8,Elyse,NA,,,,
PHC Facilities Depot,PHC,CA,1,Not Mapped,NA,,,,
Urbn Leaf Depot Distro,Urbn Leaf,CA,5,Karlie,NA,,,,
Empire Health and Wellness Depot,Empire Health and Wellness Depot,CA,1,Not Mapped,NA,,,,
Clearlake Growth Fund II dba Fume Highroad Cotati Depot,Clearlake Growth Fund II dba Fume Highroad Cotati Depot,CA,1,Not Mapped,NA,,,,
Caliva Brisbane Depot,The Parent Co.,CA,5,TBH ,NA,,,,
Natoma Depot - Embarc,Embarc,CA,3,Jen ,NA,,,,
Natoma SF Depot,Natoma SF Depot,CA,1,Not Mapped,NA,,,,
"Indigo River, LLC Depot","Indigo River, LLC Depot",CA,1,Not Mapped,NA,,,,
The Green Goddess Inc Depot,Eaze,CA,8,Elyse,NA,,,,
Superior Herbal Health LLC Depot,Superior Herbal Health LLC Depot,CA,1,Not Mapped,NA,,,,
Natoma Depot - East Bay,Natoma Depot - East Bay,CA,1,Not Mapped,NA,,,,
Green Tribe Gold LLC Depot,Green Tribe Gold LLC Depot,CA,1,Not Mapped,NA,,,,
Greenwolf Depot,Greenwolf Depot,CA,1,Not Mapped,NA,,,,
Caliva San Jose Depot,The Parent Co.,CA,5,TBH ,NA,,,,
Hometown Heart SF EAZE Depot,Eaze,CA,8,Elyse,NA,,,,
Hometown Heart EB EAZE Depot,Eaze,CA,8,Elyse,NA,,,,
From the Earth Ventura Depot,From the Earth Ventura Depot,CA,1,Not Mapped,NA,,,,
Stachs Herb's Collective Eaze Depot,Eaze,CA,8,Elyse,NA,,,,
Clearlake Growth Fund II dba Fume Highroad Depot,Clearlake Growth Fund II dba Fume Highroad Depot,CA,1,Not Mapped,NA,,,,
Stachs Dosist-EAZE Depot,Eaze,CA,8,Elyse,NA,,,,
Stachs Ohana EAZE Depot,Eaze,CA,8,Elyse,NA,,,,
Stachs Greenwolf (Eaze Depot),Eaze,CA,8,Elyse,NA,,,,
Stachs Green Goddess EAZE Depot,Eaze,CA,8,Elyse,NA,,,,
Rise - Joliet (Colorado Ave),GTI,IL,8,Latifah,,,,,
Rise - Niles,GTI,IL,8,Latifah,,,,,
Rise - Canton,GTI,IL,8,Latifah,,,,,
Rise - Effingham,GTI,IL,8,Latifah,,,,,
Rise - Joliet (Rock Creek),GTI,IL,8,Latifah,,,,,
Rise - Naperville,GTI,IL,8,Latifah,,,,,
Rise - Quincy,GTI,IL,8,Latifah,,,,,
Rise - Lake in the Hills,GTI,IL,8,Latifah,,,,,
Ascend - Fairview,Ascend,IL,6,Latifah,,,,,
Ascend - Collinsville,Ascend,IL,6,Latifah,,,,,
Ascend - Springfield,Ascend,IL,6,Latifah,,,,,
Ascend - Horizon,Ascend,IL,6,Latifah,,,,,
Midway - Chicago Archer,Midway,IL,3,Latifah,,,,,
Midway - Chicago Ridge,Midway,IL,3,Latifah,,,,,
MOCA - Logan Square,Ascend,IL,6,Latifah,,,,,
MOCA - River North,Ascend,IL,6,Latifah,,,,,
MedMen - Oak Park,MedMen,IL,7,Latifah,,,,,
Curaleaf - Northbrook,Curaleaf,IL,6,Latifah,,,,,
Curaleaf - Skokie,Curaleaf,IL,6,Latifah,,,,,
Curaleaf - Westmont,Curaleaf,IL,6,Latifah,,,,,
Curaleaf - Worth,Curaleaf,IL,6,Latifah,,,,,
Curaleaf - Mokena,Curaleaf,IL,6,Latifah,,,,,
Sunnyside - Buffalo Grove,Sunnyside,IL,5,Latifah,,,,,
Sunnyside - Naperville,Sunnyside,IL,5,Latifah,,,,,
Sunnyside - River North,Sunnyside,IL,5,Latifah,,,,,
Sunnyside - Schaumburg,Sunnyside,IL,5,Latifah,,,,,
The Herbal Care Center,The Herbal Care Center,IL,3,Latifah,,,,,
Sunnyside - Elmwood Park ,Sunnyside,IL,5,Latifah,,,,,
Consume - Oak Brook Terrace,Consume,IL,4,Latifah,,,,,
Dispensary 33 - W Randolph,Dispensary 33,IL,3,Latifah,,,,,
Dispensary 33 - N Clark,Dispensary 33,IL,3,Latifah,,,,,
Sunnyside - Lakeview,Sunnyside,IL,5,Latifah,,,,,
Consume - Chicago,Consume,IL,4,Latifah,,,,,
Nature's Care - West Loop,Nature's Care,IL,1,Latifah,,,,,
Windy City - Homewood,Windy City,IL,3,Latifah,,,,,
Windy City - Posen,Windy City,IL,3,Latifah,,,,,
Enlightened - Schaumburg,Enlightened,IL,3,Latifah,,,,,
Windy City - Carpentersville,Windy City,IL,3,Latifah,,,,,
Consume - Carbondale,Consume,IL,4,Latifah,,,,,
Consume - Marion ,Consume,IL,4,Latifah,,,,,
Consume - Marion,Consume,IL,4,Latifah,,,,,
EarthMed - Addison,EarthMed,IL,1,Latifah,,,,,
Sunnyside - South Beloit,Sunnyside,IL,5,Latifah,,,,,
Sunnyside - Rockford,Sunnyside,IL,5,Latifah,,,,,
Sunnyside - Champaign,Sunnyside,IL,5,Latifah,,,,,
Curaleaf - Melrose Park,Curaleaf,IL,6,Latifah,,,,,
Curaleaf - Weed Street,Curaleaf,IL,6,Latifah,,,,,
Rise - Mundelein ,GTI,IL,8,Latifah,,,,,
Mission - South Chicago,Mission,IL,4,Latifah,,,,,
Mission - Calumet City,Mission,IL,4,Latifah,,,,,
Sunnyside - Danville,Sunnyside,IL,5,Latifah,,,,,
Curaleaf - Deerfield,Curaleaf,IL,6,Latifah,,,,,
Nature's Care - Rolling Meadows,Nature's Care,IL,1,Latifah,,,,,
Curaleaf - Justice,Curaleaf,IL,6,Latifah,,,,,
Zen Leaf - Highland Park,Zen Leaf,IL,4,Latifah,,,,,
Curaleaf - Morris,Curaleaf,IL,6,Latifah,,,,,
Zen Leaf - Prospect Heights,Zen Leaf,IL,4,Latifah,,,,,
EarthMed - Rosemont ,EarthMed,IL,1,Latifah,,,,,
Zen Leaf - Evanston,Zen Leaf,IL,4,Latifah,,,,,
Enlightened - Mount Prospect,Enlightened,IL,3,Latifah,,,,,
Zen Leaf - Lombard,Zen Leaf,IL,4,Latifah,,,,,
Windy City - Litchfield,Windy City,IL,3,Latifah,,,,,
Windy City - Highwood,Windy City,IL,3,Latifah,,,,,
Windy City - Macomb,Windy City,IL,3,Latifah,,,,,
Ascend - Horizon Drive,Ascend,IL,6,Latifah,,,,,
Beyond/Hello - Bloomington,Beyond/Hello,IL,4,Latifah,,,,,
Beyond/Hello - Normal,Beyond/Hello,IL,4,Latifah,,,,,
Beyond/Hello - Sauget,Beyond/Hello,IL,4,Latifah,,,,,
Beyond/Hello - Sauget 2,Beyond/Hello,IL,4,Latifah,,,,,
Cannabist - Villa Park,Columbia Care,IL,2,Latifah,,,,,
Columbia Care - Chicago,Columbia Care,IL,2,Latifah,,,,,
Consume - Oakbrook Terrace,Consume,IL,4,Latifah,,,,,
Curaleaf - Lincoln Park,Curaleaf,IL,6,Latifah,,,,,
Dispensary 33 - Clark St.,Dispensary 33,IL,3,Latifah,,,,,
Dispensary 33 - Randolph St.,Dispensary 33,IL,3,Latifah,,,,,
EarthMed - Rosemont,EarthMed,IL,1,Latifah,,,,,
Enlightened - Mount Prospect (IL),Enlightened,IL,3,Latifah,,,,,
GreenGate - Chicago,GreenGate,IL,1,Latifah,,,,,
Hatch Dispensary - Addison,Hatch,IL,2,Latifah,,,,,
Hatch Dispensary - Wheeling,Hatch,IL,2,Latifah,,,,,
Mapleglen Care Center,Mapleglen,IL,1,Latifah,,,,,
Mission - Chicago South Shore,Mission,IL,4,Latifah,,,,,
Nature's Care Company - Chicago,Nature's Care Company,IL,2,Latifah,,,,,
Nature's Care Company - Rolling Meadows,Nature's Care Company,IL,2,Latifah,,,,,
NuEra - Chicago,NuEra,IL,2,Latifah,,,,,
NuEra - East Peoria,NuEra,IL,2,Latifah,,,,,
NuEra - Pekin,NuEra,IL,2,Latifah,,,,,
NuEra - Urbana,NuEra,IL,2,Latifah,,,,,
Rise - Joliet Colorado Ave. (AU),GTI,IL,8,Latifah,,,,,
Rise - Joliet Rock Creek Blvd. (3CJ),GTI,IL,8,Latifah,,,,,
Rise - Mundelein,GTI,IL,8,Latifah,,,,,
Rise - Niles AU,GTI,IL,8,Latifah,,,,,
Sunnyside - Elmwood Park,Sunnyside,IL,5,Latifah,,,,,
The Happy Cannabis Company. - Loves Park,The Happy Cannabis Company,IL,1,Latifah,,,,,
Trinity Compassionate Care Centers - West Glen,Trinity,IL,1,Latifah,,,,,
Verilife - Arlington Heights,Verilife,IL,5,Latifah,,,,,
Verilife - Chicago,Verilife,IL,5,Latifah,,,,,
Verilife - Galena,Verilife,IL,5,Latifah,,,,,
Verilife - North Aurora,Verilife,IL,5,Latifah,,,,,
Verilife - Ottawa,Verilife,IL,5,Latifah,,,,,
Verilife - Romeoville,Verilife,IL,5,Latifah,,,,,
Verilife - Rosemont,Verilife,IL,5,Latifah,,,,,
VeriLife - Schaumburg,VeriLife,IL,5,Latifah,,,,,
Windy City Cannabis - Carpentersville,Windy City Cannabis,IL,4,Latifah,,,,,
Windy City Cannabis - Highwood,Windy City Cannabis,IL,4,Latifah,,,,,
Windy City Cannabis - Homewood,Windy City Cannabis,IL,4,Latifah,,,,,
Windy City Cannabis - Litchfield,Windy City Cannabis,IL,4,Latifah,,,,,
Windy City Cannabis - Macomb,Windy City Cannabis,IL,4,Latifah,,,,,
Windy City Cannabis - Posen,Windy City Cannabis,IL,4,Latifah,,,,,
Zen Leaf - Aurora,Zen Leaf,IL,4,Latifah,,,,,
Zen Leaf - Charleston,Zen Leaf,IL,4,Latifah,,,,,
Zen Leaf - Naperville,Zen Leaf,IL,4,Latifah,,,,,
Zen Leaf - St. Charles,Zen Leaf,IL,4,Latifah,,,,,
Zen Leaf - West Loop,Zen Leaf,IL,4,Latifah,,,,,
Wallflower,Wallflower,NV,1,Gia,,,,,
Cookies on Flamingo,Cookies,NV,4,Gia,,,,,
Cultivate Dispensary (Wellness Connection of Nevada),Cultivate Dispensary (Wellness Connection of Nevada),NV,1,Gia,,,,,
Essence Durango,GTI,NV,8,Gia,,,,,
Essence Henderson,GTI,NV,8,Gia,,,,,
Essence Rainbow,GTI,NV,8,Gia,,,,,
Essence Tropicana,GTI,NV,8,Gia,,,,,
Euphoria Wellness,Euphoria Wellness,NV,1,Gia,,,,,
Exhale,Exhale,NV,2,Gia,,,,,
Green Cannabis,Green Cannabis,NV,1,Gia,,,,,
Inyo,Inyo,NV,1,Gia,,,,,
Jardin,Jardin,NV,3,Gia,,,,,
Jenny's NLV,Jenny's NLV,NV,2,Gia,,,,,
Las Vegas Releaf,Las Vegas Releaf,NV,3,Gia,,,,,
MedMen DTLV,MedMen,NV,7,Gia,,,,,
MedMen Paradise,MedMen,NV,7,Gia,,,,,
MedMen Spring Valley,MedMen,NV,7,Gia,,,,,
Mynt Downtown,Mynt,NV,4,Gia,,,,,
Mynt Lemmon Valley,Mynt,NV,4,Gia,,,,,
Nuwu,Nuwu,NV,3,Gia,,,,,
Planet 13,Planet 13,NV,4,Gia,,,,,
Reef,Reef,NV,1,Gia,,,,,
Rise Carson City,GTI,NV,8,Gia,,,,,
Rise Reno,GTI,NV,8,Gia,,,,,
Rise Spanish Springs,GTI,NV,8,Gia,,,,,
The Apothecarium,Apothecarium,NV,6,Gia,,,,,
The Apothecary Shoppe,The Apothecary Shoppe,NV,1,Gia,,,,,
The Dispensary Decatur,The Dispensary,NV,5,Gia,,,,,
The Dispensary Express,The Dispensary,NV,5,Gia,,,,,
The Dispensary Gibson,The Dispensary,NV,5,Gia,,,,,
The Dispensary Reno,The Dispensary,NV,5,Gia,,,,,
The Source Henderson,The Source,NV,3,Gia,,,,,
The Source NLV,The Source,NV,3,Gia,,,,,
The Source Reno,The Source,NV,3,Gia,,,,,
The Source Sahara,The Source,NV,3,Gia,,,,,
Thrive Cactus,Thrive,NV,4,Gia,,,,,
Thrive NLV,Thrive,NV,4,Gia,,,,,
Thrive Reno,Thrive,NV,4,Gia,,,,,
Thrive Sahara,Thrive,NV,4,Gia,,,,,
Tree of Life,Tree of Life,NV,1,Gia,,,,,
Apothecarium,Apothecarium,NV,6,Gia,,,,,
Apothecary Shoppe,Apothecary Shoppe,NV,1,Gia,,,,,
Blum Desert Inn,Blum,NV,1,Gia,,,,,
Blum Reno,Blum,NV,1,Gia,,,,,
Cultivate,Cultivate,NV,1,Gia,,,,,
Curaleaf,Curaleaf,NV,6,Gia,,,,,
Essence Strip,GTI,NV,8,Gia,,,,,
Green Cannabis Co,Green Cannabis,NV,1,Gia,,,,,
Green Cross,Green Cross,NV,1,Gia,,,,,
Jenny's Dispensary Henderson,Jenny's Dispensary,NV,2,Gia,,,,,
Jenny's Dispensary North Las Vegas,Jenny's Dispensary,NV,2,Gia,,,,,
Kanna,Kanna,NV,1,Gia,,,,,
Mynt Lemmon,Mynt,NV,4,Gia,,,,,
Mynt North,Mynt,NV,4,Gia,,,,,
Nevada Wellness Center,Nevada Wellness Center,NV,1,Gia,,,,,
NuLeaf Incline Village,NuLeaf,NV,1,Gia,,,,,
NuLeaf Las Vegas,NuLeaf,NV,1,Gia,,,,,
NuWu ,NuWu,NV,3,Gia,,,,,
NuWu (Elko),NuWu,NV,3,Gia,,,,,
NuWu North,NuWu,NV,3,Gia,,,,,
Oasis,Oasis,NV,1,Gia,,,,,
Pesha Numma,Pesha Numma,NV,1,Gia,,,,,
Pisos,Pisos,NV,1,Gia,,,,,
Reef Dispensaries,Reef Dispensaries,NV,2,Gia,,,,,
Sahara Wellness,Sahara Wellness,NV,1,Gia,,,,,
ShowGrow,ShowGrow,NV,1,Gia,,,,,
Sierra Wellness,Sierra Wellness,NV,1,Gia,,,,,
Silver Sage Wellness,Silver Sage Wellness,NV,1,Gia,,,,,
Silver State Relief Fernley,Silver State Relief,NV,1,Gia,,,,,
Silver State Relief Sparks,Silver State Relief,NV,1,Gia,,,,,
SoL Cannabis,SoL Cannabis,NV,1,Gia,,,,,
The Dispensary - Henderson,The Dispensary,NV,5,Gia,,,,,
The Dispensary - Las Vegas,The Dispensary,NV,5,Gia,,,,,
The Dispensary - Reno,The Dispensary,NV,5,Gia,,,,,
The Dispensary Henderson,The Dispensary,NV,5,Gia,,,,,
The Dispensary Las Vegas,The Dispensary,NV,5,Gia,,,,,
The Grove Las Vegas,The Grove Las Vegas,NV,1,Gia,,,,,
The Sanctuary Downtown Las Vegas,The Sanctuary,NV,1,Gia,,,,,
The Sanctuary North Las Vegas,The Sanctuary,NV,1,Gia,,,,,
The Source Rainbow,The Source,NV,3,Gia,,,,,
Thrive,Thrive,NV,4,Gia,,,,,
Thrive North Las Vegas,Thrive,NV,4,Gia,,,,,
Thrive Southern Highlands,Thrive,NV,4,Gia,,,,,
Thrive West Sahara,Thrive,NV,4,Gia,,,,,
Vegas Treehouse,Vegas Treehouse,NV,1,Gia,,,,,
Green Cannabis ,Green Cannabis ,NV,1,Gia,,,,,
NeWe,NeWe,NV,1,Gia,,,,,
The Dispensary Eastern,The Dispensary,NV,5,Gia,,,,,
Thrive DTLV,Thrive,NV,4,Gia,,,,,
Greenleaf,Greenleaf,RI,3,Not Mapped,,,,,
Summit,Summit,RI,2,Not Mapped,,,,,
Apothca,Apothca,MA,3,Joe,,,,,
"Ascend Mass, LLC",Ascend,MA,6,Joe,,,,,
Bask,Bask,MA,1,Joe,,,,,
"Berkshire Welco, LLC","Berkshire Welco, LLC",MA,3,Joe,,,,,
Bud's Goods & Provisions Corp.,Bud's Goods & Provisions Corp.,MA,1,Joe,,,,,
"Caroline's Cannabis, LLC","Caroline's Cannabis, LLC",MA,1,Joe,,,,,
Community Growth Partners Great Barrington Operations LLC,Community Growth Partners Great Barrington Operations LLC,MA,2,Joe,,,,,
"Cypress Tree Management, Inc.","Cypress Tree Management, Inc.",MA,1,Joe,,,,,
"Elevated Roots, LLC","Elevated Roots, LLC",MA,3,Joe,,,,,
"Ermont, Inc","Ermont, Inc",MA,1,Joe,,,,,
"Four Daughters Compassionate Care, Inc.","Four Daughters Compassionate Care, Inc.",MA,1,Joe,,,,,
Frozen 4 Corporation,Frozen 4 Corporation,MA,1,Joe,,,,,
"Garden Remedies, Inc.","Garden Remedies, Inc.",MA,2,Joe,,,,,
"Garden Wonders, Inc","Garden Wonders, Inc",MA,3,Joe,,,,,
"Green Meadows Farm, LLC","Green Meadows Farm, LLC",MA,1,Joe,,,,,
"GreenStar Herbals, Inc.","GreenStar Herbals, Inc.",MA,1,Joe,,,,,
GTE Franklin LLC,GTE Franklin LLC,MA,1,Joe,,,,,
"Heal Sturbridge, Inc.","Heal Sturbridge, Inc.",MA,1,Joe,,,,,
Healthy Pharms,Healthy Pharms,MA,2,Joe,,,,,
HIGHMINDED LLC,HIGHMINDED LLC,MA,3,Joe,,,,,
"Jushi MA, Inc.","Jushi MA, Inc.",MA,2,Joe,,,,,
Liberty Compassion,Liberty Compassion,MA,2,Joe,,,,,
Mayflower Medicinals,Mayflower Medicinals,MA,3,Joe,,,,,
"Mission MA, Inc.","Mission MA, Inc.",MA,1,Joe,,,,,
Native Sun Wellness INC,Native Sun Wellness INC,MA,1,Joe,,,,,
"Nature's Remedy of Massachusetts, Inc.","Nature's Remedy of Massachusetts, Inc.",MA,2,Joe,,,,,
"New Dia, LLC","New Dia, LLC",MA,1,Joe,,,,,
"Northeast Alternatives, Inc.","Northeast Alternatives, Inc.",MA,3,Joe,,,,,
Pure Oasis LLC,Pure Oasis LLC,MA,1,Joe,,,,,
Revolutionary Clinics II,Revolutionary Clinics,MA,5,Joe,,,,,
Revolutionary Clinics II-Cambridge,Revolutionary Clinics,MA,5,Joe,,,,,
"Rise Holdings, Inc.",GTI,MA,8,Joe,,,,,
"Sanctuary Medicinals, Inc.",Sanctuary Medicinals,MA,3,Joe,,,,,
"Sanctuary Medicinals, Inc. - Danvers",Sanctuary Medicinals,MA,3,Joe,,,,,
"Sanctuary Medicinals, Inc. - Woburn",Sanctuary Medicinals,MA,3,Joe,,,,,
"Temescal Wellness of Massachusetts, LLC","Temescal Wellness of Massachusetts, LLC",MA,1,Joe,,,,,
"Theory Wellness, Inc. - Chicopee",Theory Wellness,MA,1,Joe,,,,,
"United Cultivation, LLC","United Cultivation, LLC",MA,2,Joe,,,,,
"Western Front, LLC","Western Front, LLC",MA,4,Joe,,,,,
RISE Amherst,GTI,MA,8,Joe,,,,,
b\well,b\well,MA,2,Joe,,,,,
Revolutionary - Fawcett,Revolutionary Clinics,MA,5,Joe,,,,,
Revolutionary - Mass Ave,Revolutionary Clinics,MA,5,Joe,,,,,
Revolutionary - Somerville,Revolutionary Clinics,MA,5,Joe,,,,,
Silver Therapeutics - Orange,Silver Therapeutics,MA,2,Joe,,,,,
Silver Therapeutics - Williamstown,Silver Therapeutics,MA,2,Joe,,,,,
Nature's Remedy - Millbury,Nature's Remedy,MA,3,Joe,,,,,
Nature's Remedy - Tyngsborough,Nature's Remedy,MA,3,Joe,,,,,
Fine Fettle,Fine Fettle,MA,1,Joe,,,,,
Farnsworth Fine Cannabis,Farnsworth Fine Cannabis,MA,3,Joe,,,,,
Cannapi,Cannapi,MA,1,Joe,,,,,
SEED,SEED,MA,2,Joe,,,,,
Silver Therapeutics,Silver Therapeutics,MA,2,Joe,,,,,
Rebelle,Rebelle,MA,2,Joe,,,,,
The Pass,The Pass,MA,2,Joe,,,,,
Ascend - Friend St.,Ascend,MA,6,Joe,,,,,